<?xml version="1.0" encoding="UTF-8"?>
<GenRun Id="impl_1" LaunchPart="xc7z020clg400-1" LaunchTime="1608558382">
  <File Type="ROUTE-PWR-SUM" Name="psp_power_summary_routed.pb"/>
  <File Type="ROUTE-METHODOLOGY-DRC" Name="psp_methodology_drc_routed.rpt"/>
  <File Type="ROUTE-DRC-RPX" Name="psp_drc_routed.rpx"/>
  <File Type="ROUTE-BLACKBOX-DCP" Name="psp_routed_bb.dcp"/>
  <File Type="ROUTE-METHODOLOGY-DRC-PB" Name="psp_methodology_drc_routed.pb"/>
  <File Type="ROUTE-DCP" Name="psp_routed.dcp"/>
  <File Type="ROUTE-METHODOLOGY-DRC-RPX" Name="psp_methodology_drc_routed.rpx"/>
  <File Type="ROUTE-ERROR-DCP" Name="psp_routed_error.dcp"/>
  <File Type="ROUTE-PWR" Name="psp_power_routed.rpt"/>
  <File Type="PHYSOPT-DCP" Name="psp_physopt.dcp"/>
  <File Type="ROUTE-DRC-PB" Name="psp_drc_routed.pb"/>
  <File Type="POSTPLACE-PWROPT-DCP" Name="psp_postplace_pwropt.dcp"/>
  <File Type="ROUTE-DRC" Name="psp_drc_routed.rpt"/>
  <File Type="OPT-DRC" Name="psp_drc_opted.rpt"/>
  <File Type="OPT-DCP" Name="psp_opt.dcp"/>
  <File Type="PLACE-PRE-SIMILARITY" Name="psp_incremental_reuse_pre_placed.rpt"/>
  <File Type="PLACE-CTRL" Name="psp_control_sets_placed.rpt"/>
  <File Type="PA-TCL" Name="psp.tcl"/>
  <File Type="ROUTE-BUS-SKEW-PB" Name="psp_bus_skew_routed.pb"/>
  <File Type="REPORTS-TCL" Name="psp_reports.tcl"/>
  <File Type="ROUTE-BUS-SKEW-RPX" Name="psp_bus_skew_routed.rpx"/>
  <File Type="OPT-HWDEF" Name="psp.hwdef"/>
  <File Type="PLACE-UTIL-PB" Name="psp_utilization_placed.pb"/>
  <File Type="BG-BIT" Name="psp.bit"/>
  <File Type="ROUTE-STATUS-PB" Name="psp_route_status.pb"/>
  <File Type="BG-BIN" Name="psp.bin"/>
  <File Type="ROUTE-TIMINGSUMMARY" Name="psp_timing_summary_routed.rpt"/>
  <File Type="BITSTR-MSK" Name="psp.msk"/>
  <File Type="ROUTE-TIMING-PB" Name="psp_timing_summary_routed.pb"/>
  <File Type="BITSTR-RBT" Name="psp.rbt"/>
  <File Type="ROUTE-TIMING-RPX" Name="psp_timing_summary_routed.rpx"/>
  <File Type="BITSTR-NKY" Name="psp.nky"/>
  <File Type="BITSTR-BMM" Name="psp_bd.bmm"/>
  <File Type="ROUTE-CLK" Name="psp_clock_utilization_routed.rpt"/>
  <File Type="BG-DRC" Name="psp.drc"/>
  <File Type="BITSTR-MMI" Name="psp.mmi"/>
  <File Type="ROUTE-BUS-SKEW" Name="psp_bus_skew_routed.rpt"/>
  <File Type="WBT-USG" Name="usage_statistics_webtalk.html"/>
  <File Type="BG-BGN" Name="psp.bgn"/>
  <File Type="BITSTR-SYSDEF" Name="psp.sysdef"/>
  <File Type="PLACE-UTIL" Name="psp_utilization_placed.rpt"/>
  <File Type="BITSTR-LTX" Name="psp.ltx"/>
  <File Type="RDI-RDI" Name="psp.vdi"/>
  <File Type="PLACE-IO" Name="psp_io_placed.rpt"/>
  <File Type="POSTROUTE-PHYSOPT-BLACKBOX-DCP" Name="psp_postroute_physopt_bb.dcp"/>
  <File Type="POSTROUTE-PHYSOPT-DCP" Name="psp_postroute_physopt.dcp"/>
  <File Type="ROUTE-STATUS" Name="psp_route_status.rpt"/>
  <File Type="ROUTE-PWR-RPX" Name="psp_power_routed.rpx"/>
  <File Type="PLACE-DCP" Name="psp_placed.dcp"/>
  <File Type="PWROPT-DCP" Name="psp_pwropt.dcp"/>
  <FileSet Name="sources" Type="DesignSrcs" RelSrcDir="$PSRCDIR/sources_1">
    <Filter Type="Srcs"/>
    <File Path="$PSRCDIR/sources_1/imports/pretty-secure-processor-clean/hdl/defines.sv">
      <FileInfo>
        <Attr Name="ImportPath" Val="$PPRDIR/../../../../Documents/ECE527/final/pretty-secure-processor-clean/hdl/defines.sv"/>
        <Attr Name="ImportTime" Val="1608557044"/>
        <Attr Name="UsedIn" Val="synthesis"/>
        <Attr Name="UsedIn" Val="implementation"/>
        <Attr Name="UsedIn" Val="simulation"/>
      </FileInfo>
    </File>
    <File Path="$PSRCDIR/sources_1/imports/pretty-secure-processor-clean/hdl/alu.sv">
      <FileInfo>
        <Attr Name="ImportPath" Val="$PPRDIR/../../../../Documents/ECE527/final/pretty-secure-processor-clean/hdl/alu.sv"/>
        <Attr Name="ImportTime" Val="1608557044"/>
        <Attr Name="UsedIn" Val="synthesis"/>
        <Attr Name="UsedIn" Val="implementation"/>
        <Attr Name="UsedIn" Val="simulation"/>
      </FileInfo>
    </File>
    <File Path="$PSRCDIR/sources_1/imports/pretty-secure-processor-clean/hdl/rvfi_if.sv">
      <FileInfo>
        <Attr Name="ImportPath" Val="$PPRDIR/../../../../Documents/ECE527/final/pretty-secure-processor-clean/hdl/rvfi_if.sv"/>
        <Attr Name="ImportTime" Val="1608557044"/>
        <Attr Name="UsedIn" Val="synthesis"/>
        <Attr Name="UsedIn" Val="implementation"/>
        <Attr Name="UsedIn" Val="simulation"/>
      </FileInfo>
    </File>
    <File Path="$PSRCDIR/sources_1/imports/pretty-secure-processor-clean/hdl/memory_if.sv">
      <FileInfo>
        <Attr Name="ImportPath" Val="$PPRDIR/../../../../Documents/ECE527/final/pretty-secure-processor-clean/hdl/memory_if.sv"/>
        <Attr Name="ImportTime" Val="1608557044"/>
        <Attr Name="UsedIn" Val="synthesis"/>
        <Attr Name="UsedIn" Val="implementation"/>
        <Attr Name="UsedIn" Val="simulation"/>
      </FileInfo>
    </File>
    <File Path="$PSRCDIR/sources_1/imports/pretty-secure-processor-clean/hdl/core.sv">
      <FileInfo>
        <Attr Name="ImportPath" Val="$PPRDIR/../../../../Documents/ECE527/final/pretty-secure-processor-clean/hdl/core.sv"/>
        <Attr Name="ImportTime" Val="1608557044"/>
        <Attr Name="UsedIn" Val="synthesis"/>
        <Attr Name="UsedIn" Val="implementation"/>
        <Attr Name="UsedIn" Val="simulation"/>
      </FileInfo>
    </File>
    <File Path="$PSRCDIR/sources_1/imports/pretty-secure-processor-clean/hdl/memory.sv">
      <FileInfo>
        <Attr Name="ImportPath" Val="$PPRDIR/../../../../Documents/ECE527/final/pretty-secure-processor-clean/hdl/memory.sv"/>
        <Attr Name="ImportTime" Val="1608557044"/>
        <Attr Name="UsedIn" Val="synthesis"/>
        <Attr Name="UsedIn" Val="implementation"/>
        <Attr Name="UsedIn" Val="simulation"/>
      </FileInfo>
    </File>
    <File Path="$PSRCDIR/sources_1/imports/pretty-secure-processor-clean/hdl/tft.sv">
      <FileInfo>
        <Attr Name="ImportPath" Val="$PPRDIR/../../../../Documents/ECE527/final/pretty-secure-processor-clean/hdl/tft.sv"/>
        <Attr Name="ImportTime" Val="1608557044"/>
        <Attr Name="UsedIn" Val="synthesis"/>
        <Attr Name="UsedIn" Val="implementation"/>
        <Attr Name="UsedIn" Val="simulation"/>
      </FileInfo>
    </File>
    <File Path="$PSRCDIR/sources_1/imports/pretty-secure-processor-clean/hdl/psp.sv">
      <FileInfo>
        <Attr Name="ImportPath" Val="$PPRDIR/../../../../Documents/ECE527/final/pretty-secure-processor-clean/hdl/psp.sv"/>
        <Attr Name="ImportTime" Val="1608557044"/>
        <Attr Name="UsedIn" Val="synthesis"/>
        <Attr Name="UsedIn" Val="implementation"/>
        <Attr Name="UsedIn" Val="simulation"/>
      </FileInfo>
    </File>
    <File Path="$PSRCDIR/sources_1/imports/pretty-secure-processor-clean/kernel/kernel.mem">
      <FileInfo>
        <Attr Name="ImportPath" Val="$PPRDIR/../../../../Documents/ECE527/final/pretty-secure-processor-clean/kernel/kernel.mem"/>
        <Attr Name="ImportTime" Val="1608557044"/>
        <Attr Name="UsedIn" Val="synthesis"/>
        <Attr Name="UsedIn" Val="simulation"/>
      </FileInfo>
    </File>
    <File Path="$PSRCDIR/sources_1/imports/pretty-secure-processor-clean/memories/font.mem">
      <FileInfo>
        <Attr Name="ImportPath" Val="$PPRDIR/../../../../Documents/ECE527/final/pretty-secure-processor-clean/memories/font.mem"/>
        <Attr Name="ImportTime" Val="1608557044"/>
        <Attr Name="UsedIn" Val="synthesis"/>
        <Attr Name="UsedIn" Val="simulation"/>
      </FileInfo>
    </File>
    <File Path="$PSRCDIR/sources_1/imports/pretty-secure-processor-clean/memories/logo.mem">
      <FileInfo>
        <Attr Name="ImportPath" Val="$PPRDIR/../../../../Documents/ECE527/final/pretty-secure-processor-clean/memories/logo.mem"/>
        <Attr Name="ImportTime" Val="1608557044"/>
        <Attr Name="UsedIn" Val="synthesis"/>
        <Attr Name="UsedIn" Val="simulation"/>
      </FileInfo>
    </File>
    <File Path="$PSRCDIR/sources_1/imports/pretty-secure-processor-clean/memories/splashscreen.mem">
      <FileInfo>
        <Attr Name="ImportPath" Val="$PPRDIR/../../../../Documents/ECE527/final/pretty-secure-processor-clean/memories/splashscreen.mem"/>
        <Attr Name="ImportTime" Val="1608557044"/>
        <Attr Name="UsedIn" Val="synthesis"/>
        <Attr Name="UsedIn" Val="simulation"/>
      </FileInfo>
    </File>
    <Config>
      <Option Name="DesignMode" Val="RTL"/>
      <Option Name="TopModule" Val="psp"/>
    </Config>
  </FileSet>
  <FileSet Name="constrs_in" Type="Constrs" RelSrcDir="$PSRCDIR/constrs_1">
    <Filter Type="Constrs"/>
    <File Path="$PSRCDIR/constrs_1/imports/hdl/constraints.xdc">
      <FileInfo>
        <Attr Name="ImportPath" Val="$PPRDIR/../../../../Documents/ECE527/final/pretty-secure-processor-clean/hdl/constraints.xdc"/>
        <Attr Name="ImportTime" Val="1608557044"/>
        <Attr Name="UsedIn" Val="synthesis"/>
        <Attr Name="UsedIn" Val="implementation"/>
      </FileInfo>
    </File>
    <Config>
      <Option Name="ConstrsType" Val="XDC"/>
    </Config>
  </FileSet>
  <FileSet Name="utils" Type="Utils" RelSrcDir="$PSRCDIR/utils_1">
    <Filter Type="Utils"/>
    <Config>
      <Option Name="TopAutoSet" Val="TRUE"/>
    </Config>
  </FileSet>
  <Strategy Version="1" Minor="2">
    <StratHandle Name="Vivado Implementation Defaults" Flow="Vivado Implementation 2019"/>
    <Step Id="init_design"/>
    <Step Id="opt_design"/>
    <Step Id="power_opt_design"/>
    <Step Id="place_design"/>
    <Step Id="post_place_power_opt_design"/>
    <Step Id="phys_opt_design"/>
    <Step Id="route_design"/>
    <Step Id="post_route_phys_opt_design"/>
    <Step Id="write_bitstream"/>
  </Strategy>
</GenRun>
