<?xml version="1.0" encoding="UTF-8"?>
<GenRun Id="synth_1" LaunchPart="xc7z020clg400-1" LaunchTime="1608558382">
  <File Type="RDS-UTIL-PB" Name="psp_utilization_synth.pb"/>
  <File Type="RDS-UTIL" Name="psp_utilization_synth.rpt"/>
  <File Type="RDS-RDS" Name="psp.vds"/>
  <File Type="RDS-DCP" Name="psp.dcp"/>
  <File Type="PA-TCL" Name="psp.tcl"/>
  <File Type="REPORTS-TCL" Name="psp_reports.tcl"/>
  <FileSet Name="sources" Type="DesignSrcs" RelSrcDir="$PSRCDIR/sources_1">
    <Filter Type="Srcs"/>
    <File Path="$PSRCDIR/sources_1/imports/pretty-secure-processor-clean/hdl/defines.sv">
      <FileInfo>
        <Attr Name="ImportPath" Val="$PPRDIR/../../../../Documents/ECE527/final/pretty-secure-processor-clean/hdl/defines.sv"/>
        <Attr Name="ImportTime" Val="1608557044"/>
        <Attr Name="UsedIn" Val="synthesis"/>
        <Attr Name="UsedIn" Val="implementation"/>
        <Attr Name="UsedIn" Val="simulation"/>
      </FileInfo>
    </File>
    <File Path="$PSRCDIR/sources_1/imports/pretty-secure-processor-clean/hdl/alu.sv">
      <FileInfo>
        <Attr Name="ImportPath" Val="$PPRDIR/../../../../Documents/ECE527/final/pretty-secure-processor-clean/hdl/alu.sv"/>
        <Attr Name="ImportTime" Val="1608557044"/>
        <Attr Name="UsedIn" Val="synthesis"/>
        <Attr Name="UsedIn" Val="implementation"/>
        <Attr Name="UsedIn" Val="simulation"/>
      </FileInfo>
    </File>
    <File Path="$PSRCDIR/sources_1/imports/pretty-secure-processor-clean/hdl/rvfi_if.sv">
      <FileInfo>
        <Attr Name="ImportPath" Val="$PPRDIR/../../../../Documents/ECE527/final/pretty-secure-processor-clean/hdl/rvfi_if.sv"/>
        <Attr Name="ImportTime" Val="1608557044"/>
        <Attr Name="UsedIn" Val="synthesis"/>
        <Attr Name="UsedIn" Val="implementation"/>
        <Attr Name="UsedIn" Val="simulation"/>
      </FileInfo>
    </File>
    <File Path="$PSRCDIR/sources_1/imports/pretty-secure-processor-clean/hdl/memory_if.sv">
      <FileInfo>
        <Attr Name="ImportPath" Val="$PPRDIR/../../../../Documents/ECE527/final/pretty-secure-processor-clean/hdl/memory_if.sv"/>
        <Attr Name="ImportTime" Val="1608557044"/>
        <Attr Name="UsedIn" Val="synthesis"/>
        <Attr Name="UsedIn" Val="implementation"/>
        <Attr Name="UsedIn" Val="simulation"/>
      </FileInfo>
    </File>
    <File Path="$PSRCDIR/sources_1/imports/pretty-secure-processor-clean/hdl/core.sv">
      <FileInfo>
        <Attr Name="ImportPath" Val="$PPRDIR/../../../../Documents/ECE527/final/pretty-secure-processor-clean/hdl/core.sv"/>
        <Attr Name="ImportTime" Val="1608557044"/>
        <Attr Name="UsedIn" Val="synthesis"/>
        <Attr Name="UsedIn" Val="implementation"/>
        <Attr Name="UsedIn" Val="simulation"/>
      </FileInfo>
    </File>
    <File Path="$PSRCDIR/sources_1/imports/pretty-secure-processor-clean/hdl/memory.sv">
      <FileInfo>
        <Attr Name="ImportPath" Val="$PPRDIR/../../../../Documents/ECE527/final/pretty-secure-processor-clean/hdl/memory.sv"/>
        <Attr Name="ImportTime" Val="1608557044"/>
        <Attr Name="UsedIn" Val="synthesis"/>
        <Attr Name="UsedIn" Val="implementation"/>
        <Attr Name="UsedIn" Val="simulation"/>
      </FileInfo>
    </File>
    <File Path="$PSRCDIR/sources_1/imports/pretty-secure-processor-clean/hdl/tft.sv">
      <FileInfo>
        <Attr Name="ImportPath" Val="$PPRDIR/../../../../Documents/ECE527/final/pretty-secure-processor-clean/hdl/tft.sv"/>
        <Attr Name="ImportTime" Val="1608557044"/>
        <Attr Name="UsedIn" Val="synthesis"/>
        <Attr Name="UsedIn" Val="implementation"/>
        <Attr Name="UsedIn" Val="simulation"/>
      </FileInfo>
    </File>
    <File Path="$PSRCDIR/sources_1/imports/pretty-secure-processor-clean/hdl/psp.sv">
      <FileInfo>
        <Attr Name="ImportPath" Val="$PPRDIR/../../../../Documents/ECE527/final/pretty-secure-processor-clean/hdl/psp.sv"/>
        <Attr Name="ImportTime" Val="1608557044"/>
        <Attr Name="UsedIn" Val="synthesis"/>
        <Attr Name="UsedIn" Val="implementation"/>
        <Attr Name="UsedIn" Val="simulation"/>
      </FileInfo>
    </File>
    <File Path="$PSRCDIR/sources_1/imports/pretty-secure-processor-clean/kernel/kernel.mem">
      <FileInfo>
        <Attr Name="ImportPath" Val="$PPRDIR/../../../../Documents/ECE527/final/pretty-secure-processor-clean/kernel/kernel.mem"/>
        <Attr Name="ImportTime" Val="1608557044"/>
        <Attr Name="UsedIn" Val="synthesis"/>
        <Attr Name="UsedIn" Val="simulation"/>
      </FileInfo>
    </File>
    <File Path="$PSRCDIR/sources_1/imports/pretty-secure-processor-clean/memories/font.mem">
      <FileInfo>
        <Attr Name="ImportPath" Val="$PPRDIR/../../../../Documents/ECE527/final/pretty-secure-processor-clean/memories/font.mem"/>
        <Attr Name="ImportTime" Val="1608557044"/>
        <Attr Name="UsedIn" Val="synthesis"/>
        <Attr Name="UsedIn" Val="simulation"/>
      </FileInfo>
    </File>
    <File Path="$PSRCDIR/sources_1/imports/pretty-secure-processor-clean/memories/logo.mem">
      <FileInfo>
        <Attr Name="ImportPath" Val="$PPRDIR/../../../../Documents/ECE527/final/pretty-secure-processor-clean/memories/logo.mem"/>
        <Attr Name="ImportTime" Val="1608557044"/>
        <Attr Name="UsedIn" Val="synthesis"/>
        <Attr Name="UsedIn" Val="simulation"/>
      </FileInfo>
    </File>
    <File Path="$PSRCDIR/sources_1/imports/pretty-secure-processor-clean/memories/splashscreen.mem">
      <FileInfo>
        <Attr Name="ImportPath" Val="$PPRDIR/../../../../Documents/ECE527/final/pretty-secure-processor-clean/memories/splashscreen.mem"/>
        <Attr Name="ImportTime" Val="1608557044"/>
        <Attr Name="UsedIn" Val="synthesis"/>
        <Attr Name="UsedIn" Val="simulation"/>
      </FileInfo>
    </File>
    <Config>
      <Option Name="DesignMode" Val="RTL"/>
      <Option Name="TopModule" Val="psp"/>
    </Config>
  </FileSet>
  <FileSet Name="constrs_in" Type="Constrs" RelSrcDir="$PSRCDIR/constrs_1">
    <Filter Type="Constrs"/>
    <File Path="$PSRCDIR/constrs_1/imports/hdl/constraints.xdc">
      <FileInfo>
        <Attr Name="ImportPath" Val="$PPRDIR/../../../../Documents/ECE527/final/pretty-secure-processor-clean/hdl/constraints.xdc"/>
        <Attr Name="ImportTime" Val="1608557044"/>
        <Attr Name="UsedIn" Val="synthesis"/>
        <Attr Name="UsedIn" Val="implementation"/>
      </FileInfo>
    </File>
    <Config>
      <Option Name="ConstrsType" Val="XDC"/>
    </Config>
  </FileSet>
  <FileSet Name="utils" Type="Utils" RelSrcDir="$PSRCDIR/utils_1">
    <Filter Type="Utils"/>
    <Config>
      <Option Name="TopAutoSet" Val="TRUE"/>
    </Config>
  </FileSet>
  <Strategy Version="1" Minor="2">
    <StratHandle Name="Vivado Synthesis Defaults" Flow="Vivado Synthesis 2019"/>
    <Step Id="synth_design"/>
  </Strategy>
</GenRun>
